"","date","pm10_max"
"1",2017-10-11,89
"2",2017-10-12,91
"3",2017-10-13,78
"4",2017-10-14,85
"5",2017-10-15,94
"6",2017-10-16,80
"7",2017-10-17,64
"8",2017-10-18,145
"9",2017-10-19,197
"10",2017-10-20,182
"11",2017-10-21,206
"12",2017-10-22,243
"13",2017-10-23,171
"14",2017-10-24,150
"15",2017-10-25,91
"16",2017-10-26,175
"17",2017-10-27,218
"18",2017-10-28,122
"19",2017-10-29,152
"20",2017-10-30,198
"21",2017-10-31,152
"22",2017-11-01,136
"23",2017-11-02,171
"24",2017-11-03,217
"25",2017-11-04,185
"26",2017-11-05,175
"27",2017-11-06,256
"28",2017-11-07,262
"29",2017-11-08,254
"30",2017-11-09,201
"31",2017-11-10,250
"32",2017-11-11,171
"33",2017-11-12,154
"34",2017-11-13,185
"35",2017-11-14,124
"36",2017-11-15,196
"37",2017-11-16,203
"38",2017-11-17,226
"39",2017-11-18,246
"40",2017-11-19,158
"41",2017-11-20,142
"42",2017-11-21,204
"43",2017-11-22,168
"44",2017-11-23,173
"45",2017-11-24,237
"46",2017-11-25,281
"47",2017-11-26,155
"48",2017-11-27,239
"49",2017-11-28,230
"50",2017-11-29,286
"51",2017-11-30,202
"52",2017-12-01,168
"53",2017-12-02,234
"54",2017-12-03,166
"55",2017-12-04,244
"56",2017-12-05,283
"57",2017-12-06,246
"58",2017-12-07,283
"59",2017-12-08,381
"60",2017-12-09,165
"61",2017-12-10,109
"62",2017-12-11,226
"63",2017-12-12,225
"64",2017-12-13,335
"65",2017-12-14,694
"66",2017-12-15,354
"67",2017-12-16,322
"68",2017-12-17,192
"69",2017-12-18,242
"70",2017-12-19,330
"71",2017-12-20,272
"72",2017-12-21,254
"73",2017-12-22,410
"74",2017-12-23,309
"75",2017-12-24,267
"76",2017-12-25,206
"77",2017-12-26,280
"78",2017-12-27,284
"79",2017-12-28,291
"80",2017-12-29,256
"81",2017-12-30,186
"82",2017-12-31,196
"83",2018-01-01,249
"84",2018-01-02,245
"85",2018-01-03,312
"86",2018-01-04,286
"87",2018-01-05,210
"88",2018-01-06,332
"89",2018-01-07,242
"90",2018-01-08,305
"91",2018-01-09,298
"92",2018-01-10,353
"93",2018-01-11,343
"94",2018-01-12,194
"95",2018-01-13,228
"96",2018-01-14,122
"97",2018-01-15,227
"98",2018-01-16,354
"99",2018-01-17,234
"100",2018-01-18,212
"101",2018-01-19,293
"102",2018-01-20,262
"103",2018-01-21,200
"104",2018-01-22,304
"105",2018-01-23,281
"106",2018-01-24,154
"107",2018-01-25,92
"108",2018-01-26,200
"109",2018-01-27,182
"110",2018-01-28,56
"111",2018-01-29,104
"112",2018-01-30,89
"113",2018-01-31,171
"114",2018-02-01,257
"115",2018-02-02,226
"116",2018-02-03,178
"117",2018-02-04,169
"118",2018-02-05,174
"119",2018-02-06,181
"120",2018-02-07,199
"121",2018-02-08,156
"122",2018-02-09,136
"123",2018-02-10,129
"124",2018-02-11,162
"125",2018-02-12,190
"126",2018-02-13,207
"127",2018-02-14,159
"128",2018-02-15,158
"129",2018-02-16,231
"130",2018-02-17,207
"131",2018-02-18,171
"132",2018-02-19,172
"133",2018-02-20,135
"134",2018-02-21,373
"135",2018-02-22,172
"136",2018-02-23,175
"137",2018-02-24,176
"138",2018-02-25,89
"139",2018-02-26,271
"140",2018-02-27,166
"141",2018-02-28,185
"142",2018-03-01,262
"143",2018-03-02,208
"144",2018-03-03,171
"145",2018-03-04,138
"146",2018-03-05,206
"147",2018-03-06,229
"148",2018-03-07,328
"149",2018-03-08,316
"150",2018-03-09,210
"151",2018-03-10,214
"152",2018-03-11,212
"153",2018-03-12,198
"154",2018-03-13,170
"155",2018-03-14,185
"156",2018-03-15,158
"157",2018-03-16,263
"158",2018-03-17,174
"159",2018-03-18,157
"160",2018-03-19,172
"161",2018-03-20,311
"162",2018-03-21,191
"163",2018-03-22,150
"164",2018-03-23,143
"165",2018-03-24,176
"166",2018-03-25,120
"167",2018-03-26,195
"168",2018-03-27,198
"169",2018-03-28,195
"170",2018-03-29,303
"171",2018-03-30,152
"172",2018-03-31,97
"173",2018-04-01,162
"174",2018-04-02,204
"175",2018-04-03,205
"176",2018-04-04,226
"177",2018-04-05,136
"178",2018-04-06,150
"179",2018-04-07,233
"180",2018-04-08,142
"181",2018-04-09,218
"182",2018-04-10,190
"183",2018-04-11,136
"184",2018-04-12,108
"185",2018-04-13,135
"186",2018-04-14,157
"187",2018-04-15,146
"188",2018-04-16,197
"189",2018-04-17,198
"190",2018-04-18,268
"191",2018-04-19,263
"192",2018-04-20,212
"193",2018-04-21,261
"194",2018-04-22,194
"195",2018-04-23,198
"196",2018-04-24,151
"197",2018-04-25,137
"198",2018-04-26,171
"199",2018-04-27,183
"200",2018-04-28,106
"201",2018-04-29,128
"202",2018-04-30,294
"203",2018-05-01,157
"204",2018-05-02,124
"205",2018-05-03,152
"206",2018-05-04,141
"207",2018-05-05,71
"208",2018-05-06,91
"209",2018-05-07,83
"210",2018-05-08,79
"211",2018-05-09,104
"212",2018-05-10,100
"213",2018-05-11,118
"214",2018-05-12,95
"215",2018-05-13,102
"216",2018-05-14,116
"217",2018-05-15,133
"218",2018-05-16,119
"219",2018-05-17,103
"220",2018-05-18,156
"221",2018-05-19,265
"222",2018-05-20,123
"223",2018-05-21,118
"224",2018-05-22,149
"225",2018-05-23,163
"226",2018-05-24,166
"227",2018-05-25,160
"228",2018-05-26,153
"229",2018-05-27,114
"230",2018-05-28,197
"231",2018-05-29,200
"232",2018-05-30,228
"233",2018-05-31,198
"234",2018-06-01,162
"235",2018-06-02,112
"236",2018-06-03,141
"237",2018-06-04,124
"238",2018-06-05,185
"239",2018-06-06,188
"240",2018-06-07,276
"241",2018-06-08,118
"242",2018-06-09,107
"243",2018-06-10,154
"244",2018-06-11,174
"245",2018-06-12,123
"246",2018-06-13,71
"247",2018-06-14,61
"248",2018-06-15,94
"249",2018-06-16,67
"250",2018-06-17,87
"251",2018-06-18,79
"252",2018-06-19,66
"253",2018-06-20,91
"254",2018-06-21,97
"255",2018-06-22,64
"256",2018-06-23,75
"257",2018-06-24,69
"258",2018-06-25,107
"259",2018-06-26,88
"260",2018-06-27,99
"261",2018-06-28,85
"262",2018-06-29,119
"263",2018-06-30,125
"264",2018-07-01,103
"265",2018-07-02,147
"266",2018-07-03,109
"267",2018-07-04,150
"268",2018-07-05,94
"269",2018-07-06,100
"270",2018-07-07,74
"271",2018-07-08,62
"272",2018-07-09,112
"273",2018-07-10,65
"274",2018-07-11,107
"275",2018-07-12,101
"276",2018-07-13,105
"277",2018-07-14,87
"278",2018-07-15,121
"279",2018-07-16,169
"280",2018-07-17,109
"281",2018-07-18,116
"282",2018-07-19,157
"283",2018-07-20,127
"284",2018-07-21,121
"285",2018-07-22,126
"286",2018-07-23,194
"287",2018-07-24,155
"288",2018-07-25,144
"289",2018-07-26,195
"290",2018-07-27,143
"291",2018-07-28,91
"292",2018-07-29,126
"293",2018-07-30,148
"294",2018-07-31,138
"295",2018-08-01,139
"296",2018-08-02,89
"297",2018-08-03,73
"298",2018-08-04,77
"299",2018-08-05,48
"300",2018-08-06,61
"301",2018-08-07,91
"302",2018-08-08,92
"303",2018-08-09,123
"304",2018-08-10,147
"305",2018-08-11,95
"306",2018-08-12,69
"307",2018-08-13,124
"308",2018-08-14,124
"309",2018-08-15,101
"310",2018-08-16,107
"311",2018-08-17,93
"312",2018-08-18,75
"313",2018-08-19,93
"314",2018-08-20,98
"315",2018-08-21,66
"316",2018-08-22,86
"317",2018-08-23,102
"318",2018-08-24,109
"319",2018-08-25,117
"320",2018-08-26,70
"321",2018-08-27,87
"322",2018-08-28,95
"323",2018-08-29,95
"324",2018-08-30,122
"325",2018-08-31,107
"326",2018-09-01,77
"327",2018-09-02,88
"328",2018-09-03,111
"329",2018-09-04,134
"330",2018-09-05,118
"331",2018-09-06,79
"332",2018-09-07,92
"333",2018-09-08,140
"334",2018-09-09,107
"335",2018-09-10,101
"336",2018-09-11,134
"337",2018-09-12,232
"338",2018-09-13,97
"339",2018-09-14,165
"340",2018-09-15,127
"341",2018-09-16,112
"342",2018-09-17,102
"343",2018-09-18,137
"344",2018-09-19,109
"345",2018-09-20,138
"346",2018-09-21,200
"347",2018-09-22,88
"348",2018-09-23,70
"349",2018-09-24,105
"350",2018-09-25,97
"351",2018-09-26,106
"352",2018-09-27,118
"353",2018-09-28,109
"354",2018-09-29,161
"355",2018-09-30,93
"356",2018-10-01,96
"357",2018-10-02,104
"358",2018-10-03,87
"359",2018-10-04,84
"360",2018-10-05,124
"361",2018-10-06,130
"362",2018-10-07,96
"363",2018-10-08,200
"364",2018-10-09,136
"365",2018-10-10,127
"366",2018-10-11,92
"367",2018-10-12,100
"368",2018-10-13,116
"369",2018-10-14,89
"370",2018-10-15,99
"371",2018-10-16,118
"372",2018-10-17,72
"373",2018-10-18,53
"374",2018-10-19,95
"375",2018-10-20,59
"376",2018-10-21,46
"377",2018-10-22,116
"378",2018-10-23,178
"379",2018-10-24,248
"380",2018-10-25,234
"381",2018-10-26,175
"382",2018-10-27,106
"383",2018-10-28,66
"384",2018-10-29,102
"385",2018-10-30,87
"386",2018-10-31,123
"387",2018-11-01,170
"388",2018-11-02,73
"389",2018-11-03,69
"390",2018-11-04,61
"391",2018-11-05,195
"392",2018-11-06,229
"393",2018-11-07,237
"394",2018-11-08,270
"395",2018-11-09,241
"396",2018-11-10,118
"397",2018-11-11,116
"398",2018-11-12,190
"399",2018-11-13,159
"400",2018-11-14,114
"401",2018-11-15,154
"402",2018-11-16,253
"403",2018-11-17,191
"404",2018-11-18,173
"405",2018-11-19,160
"406",2018-11-20,321
"407",2018-11-21,253
"408",2018-11-22,281
"409",2018-11-23,247
"410",2018-11-24,327
"411",2018-11-25,150
"412",2018-11-26,161
"413",2018-11-27,189
"414",2018-11-28,137
"415",2018-11-29,68
"416",2018-11-30,90
"417",2018-12-01,146
"418",2018-12-02,117
"419",2018-12-03,226
"420",2018-12-04,174
"421",2018-12-05,122
"422",2018-12-06,180
"423",2018-12-07,197
"424",2018-12-08,378
"425",2018-12-09,164
"426",2018-12-10,133
"427",2018-12-11,178
"428",2018-12-12,222
"429",2018-12-13,146
"430",2018-12-14,169
"431",2018-12-15,176
"432",2018-12-16,148
"433",2018-12-17,218
"434",2018-12-18,261
"435",2018-12-19,148
"436",2018-12-20,221
"437",2018-12-21,219
"438",2018-12-22,248
"439",2018-12-23,213
"440",2018-12-24,325
"441",2018-12-25,414
"442",2018-12-26,201
"443",2018-12-27,226
"444",2018-12-28,188
"445",2018-12-29,197
"446",2018-12-30,191
"447",2018-12-31,270
"448",2019-01-01,653
"449",2019-01-02,205
"450",2019-01-03,215
"451",2019-01-04,239
"452",2019-01-05,218
"453",2019-01-06,198
"454",2019-01-07,243
"455",2019-01-08,253
"456",2019-01-09,209
"457",2019-01-10,162
"458",2019-01-11,192
"459",2019-01-12,161
"460",2019-01-13,73
"461",2019-01-14,118
"462",2019-01-15,161
"463",2019-01-16,190
"464",2019-01-17,223
"465",2019-01-18,166
"466",2019-01-19,169
"467",2019-01-20,133
"468",2019-01-21,212
"469",2019-01-22,418
"470",2019-01-23,216
"471",2019-01-24,284
"472",2019-01-25,244
"473",2019-01-26,184
"474",2019-01-27,112
"475",2019-01-28,155
"476",2019-01-29,230
"477",2019-01-30,222
"478",2019-01-31,213
"479",2019-02-01,327
"480",2019-02-02,215
"481",2019-02-03,184
"482",2019-02-04,163
"483",2019-02-05,308
"484",2019-02-06,260
"485",2019-02-07,288
"486",2019-02-08,131
"487",2019-02-09,252
"488",2019-02-10,128
"489",2019-02-11,207
"490",2019-02-12,244
"491",2019-02-13,155
"492",2019-02-14,200
"493",2019-02-15,207
"494",2019-02-16,211
"495",2019-02-17,180
"496",2019-02-18,259
"497",2019-02-19,205
"498",2019-02-20,248
"499",2019-02-21,209
"500",2019-02-22,236
"501",2019-02-23,169
"502",2019-02-24,108
"503",2019-02-25,148
"504",2019-02-26,167
"505",2019-02-27,260
"506",2019-02-28,276
"507",2019-03-01,204
"508",2019-03-02,196
"509",2019-03-03,179
"510",2019-03-04,626
"511",2019-03-05,258
"512",2019-03-06,180
"513",2019-03-07,171
"514",2019-03-08,275
"515",2019-03-09,277
"516",2019-03-10,153
"517",2019-03-11,244
"518",2019-03-12,214
"519",2019-03-13,162
"520",2019-03-14,238
"521",2019-03-15,245
"522",2019-03-16,167
"523",2019-03-17,125
"524",2019-03-18,118
"525",2019-03-19,152
"526",2019-03-20,194
"527",2019-03-21,186
"528",2019-03-22,140
"529",2019-03-23,158
"530",2019-03-24,143
"531",2019-03-25,221
"532",2019-03-26,157
"533",2019-03-27,131
"534",2019-03-28,132
"535",2019-03-29,203
"536",2019-03-30,165
"537",2019-03-31,214
"538",2019-04-01,189
"539",2019-04-02,192
"540",2019-04-03,180
"541",2019-04-04,172
"542",2019-04-05,158
"543",2019-04-06,119
"544",2019-04-07,123
"545",2019-04-08,157
"546",2019-04-09,232
"547",2019-04-10,168
"548",2019-04-11,192
"549",2019-04-12,225
"550",2019-04-13,151
"551",2019-04-14,199
"552",2019-04-15,182
"553",2019-04-16,202
"554",2019-04-17,251
"555",2019-04-18,226
"556",2019-04-19,108
"557",2019-04-20,171
"558",2019-04-21,161
"559",2019-04-22,279
"560",2019-04-23,214
"561",2019-04-24,169
"562",2019-04-25,299
"563",2019-04-26,266
"564",2019-04-27,192
"565",2019-04-28,173
"566",2019-04-29,188
"567",2019-04-30,171
"568",2019-05-01,148
"569",2019-05-02,223
"570",2019-05-03,142
"571",2019-05-04,154
"572",2019-05-05,131
"573",2019-05-06,195
"574",2019-05-07,173
"575",2019-05-08,152
"576",2019-05-09,174
"577",2019-05-10,201
"578",2019-05-11,217
"579",2019-05-12,209
"580",2019-05-13,215
"581",2019-05-14,241
"582",2019-05-15,307
"583",2019-05-16,373
"584",2019-05-17,170
"585",2019-05-18,148
"586",2019-05-19,169
"587",2019-05-20,148
"588",2019-05-21,441
"589",2019-05-22,161
"590",2019-05-23,241
"591",2019-05-24,219
"592",2019-05-25,210
"593",2019-05-26,94
"594",2019-05-27,174
"595",2019-05-28,185
"596",2019-05-29,258
"597",2019-05-30,222
"598",2019-05-31,183
"599",2019-06-01,149
"600",2019-06-02,66
"601",2019-06-03,66
"602",2019-06-04,91
"603",2019-06-05,122
"604",2019-06-06,88
"605",2019-06-07,93
"606",2019-06-08,125
"607",2019-06-09,119
"608",2019-06-10,175
"609",2019-06-11,88
"610",2019-06-12,142
"611",2019-06-13,78
"612",2019-06-14,75
"613",2019-06-15,137
"614",2019-06-16,178
"615",2019-06-17,123
"616",2019-06-18,180
"617",2019-06-19,103
"618",2019-06-20,135
"619",2019-06-21,109
"620",2019-06-22,105
"621",2019-06-23,110
"622",2019-06-24,78
"623",2019-06-25,80
"624",2019-06-26,110
"625",2019-06-27,93
"626",2019-06-28,65
"627",2019-06-29,63
"628",2019-06-30,99
"629",2019-07-01,63
"630",2019-07-02,119
"631",2019-07-03,72
"632",2019-07-04,144
"633",2019-07-05,122
"634",2019-07-06,102
"635",2019-07-07,94
"636",2019-07-08,157
"637",2019-07-09,142
"638",2019-07-10,84
"639",2019-07-11,77
"640",2019-07-12,73
"641",2019-07-13,69
"642",2019-07-14,85
"643",2019-07-15,127
"644",2019-07-16,100
"645",2019-07-17,97
"646",2019-07-18,111
"647",2019-07-19,88
"648",2019-07-20,78
"649",2019-07-21,106
"650",2019-07-22,89
"651",2019-07-23,122
"652",2019-07-24,86
"653",2019-07-25,79
"654",2019-07-26,70
"655",2019-07-27,63
"656",2019-07-28,87
"657",2019-07-29,124
"658",2019-07-30,96
"659",2019-07-31,155
"660",2019-08-01,150
"661",2019-08-02,139
"662",2019-08-03,143
"663",2019-08-04,87
"664",2019-08-05,96
"665",2019-08-06,90
"666",2019-08-07,69
"667",2019-08-08,87
"668",2019-08-09,119
"669",2019-08-10,91
"670",2019-08-11,53
"671",2019-08-12,95
"672",2019-08-13,162
"673",2019-08-14,112
"674",2019-08-15,105
"675",2019-08-16,121
"676",2019-08-17,143
"677",2019-08-18,112
"678",2019-08-19,78
"679",2019-08-20,88
"680",2019-08-21,109
"681",2019-08-22,93
"682",2019-08-23,116
"683",2019-08-24,99
"684",2019-08-25,93
"685",2019-08-26,97
"686",2019-08-27,106
"687",2019-08-28,117
"688",2019-08-29,104
"689",2019-08-30,138
"690",2019-08-31,98
"691",2019-09-01,126
"692",2019-09-02,95
"693",2019-09-03,116
"694",2019-09-04,164
"695",2019-09-05,95
"696",2019-09-06,107
"697",2019-09-07,104
"698",2019-09-08,94
"699",2019-09-09,118
"700",2019-09-10,85
"701",2019-09-11,74
"702",2019-09-12,99
"703",2019-09-13,58
"704",2019-09-14,56
"705",2019-09-15,111
"706",2019-09-16,89
"707",2019-09-17,85
"708",2019-09-18,80
"709",2019-09-19,92
"710",2019-09-20,110
"711",2019-09-21,90
"712",2019-09-22,86
"713",2019-09-23,111
"714",2019-09-24,110
"715",2019-09-25,99
"716",2019-09-26,101
"717",2019-09-27,90
"718",2019-09-28,84
"719",2019-09-29,39
"720",2019-09-30,65
"721",2019-10-01,63
"722",2019-10-02,87
"723",2019-10-03,103
"724",2019-10-04,85
"725",2019-10-05,84
"726",2019-10-06,73
"727",2019-10-07,90
"728",2019-10-08,54
"729",2019-10-09,101
"730",2019-10-10,92
"731",2019-10-11,86
"732",2019-10-12,49
"733",2019-10-13,82
"734",2019-10-14,117
"735",2019-10-15,138
"736",2019-10-16,67
"737",2019-10-17,31
"738",2019-10-18,78
"739",2019-10-19,98
"740",2019-10-20,98
"741",2019-10-21,169
"742",2019-10-22,61
"743",2019-10-23,83
"744",2019-10-24,120
"745",2019-10-25,86
"746",2019-10-26,77
"747",2019-10-27,83
"748",2019-10-28,109
"749",2019-10-29,92
"750",2019-10-30,108
"751",2019-10-31,66
"752",2019-11-01,86
"753",2019-11-02,100
"754",2019-11-03,57
"755",2019-11-04,108
"756",2019-11-05,198
"757",2019-11-06,117
"758",2019-11-07,119
"759",2019-11-08,131
"760",2019-11-09,52
"761",2019-11-10,122
"762",2019-11-11,205
"763",2019-11-12,86
"764",2019-11-13,164
"765",2019-11-14,98
"766",2019-11-15,103
"767",2019-11-16,139
"768",2019-11-17,131
"769",2019-11-18,101
"770",2019-11-19,134
"771",2019-11-20,219
"772",2019-11-21,178
"773",2019-11-22,190
"774",2019-11-23,186
"775",2019-11-24,129
"776",2019-11-25,176
"777",2019-11-26,154
"778",2019-11-27,200
"779",2019-11-28,193
"780",2019-11-29,173
"781",2019-11-30,212
"782",2019-12-01,207
"783",2019-12-02,147
"784",2019-12-03,151
"785",2019-12-04,264
"786",2019-12-05,214
"787",2019-12-06,249
"788",2019-12-07,151
"789",2019-12-08,165
"790",2019-12-09,219
"791",2019-12-10,229
"792",2019-12-11,147
"793",2019-12-12,222
"794",2019-12-13,230
"795",2019-12-14,177
"796",2019-12-15,178
"797",2019-12-16,214
"798",2019-12-17,157
"799",2019-12-18,162
"800",2019-12-19,205
"801",2019-12-20,170
"802",2019-12-21,160
"803",2019-12-22,113
"804",2019-12-23,261
"805",2019-12-24,123
"806",2019-12-25,359
"807",2019-12-26,169
"808",2019-12-27,187
"809",2019-12-28,165
"810",2019-12-29,104
"811",2019-12-30,125
"812",2019-12-31,157
"813",2020-01-01,426
"814",2020-01-02,291
"815",2020-01-03,148
"816",2020-01-04,127
"817",2020-01-05,169
"818",2020-01-06,206
"819",2020-01-07,279
"820",2020-01-08,165
"821",2020-01-09,271
"822",2020-01-10,201
"823",2020-01-11,158
"824",2020-01-12,140
"825",2020-01-13,193
"826",2020-01-14,179
"827",2020-01-15,178
"828",2020-01-16,236
"829",2020-01-17,137
"830",2020-01-18,206
"831",2020-01-19,54
"832",2020-01-20,55
"833",2020-01-21,126
"834",2020-01-22,215
"835",2020-01-23,156
"836",2020-01-24,149
"837",2020-01-25,175
"838",2020-01-26,124
"839",2020-01-27,147
"840",2020-01-28,187
"841",2020-01-29,194
"842",2020-01-30,112
"843",2020-01-31,135
"844",2020-02-01,169
"845",2020-02-02,149
"846",2020-02-03,134
"847",2020-02-04,99
"848",2020-02-05,114
"849",2020-02-06,104
"850",2020-02-07,209
"851",2020-02-08,201
"852",2020-02-09,149
"853",2020-02-10,186
"854",2020-02-11,208
"855",2020-02-12,157
"856",2020-02-13,175
"857",2020-02-14,146
"858",2020-02-15,110
"859",2020-02-16,132
"860",2020-02-17,159
"861",2020-02-18,162
"862",2020-02-19,169
"863",2020-02-20,170
"864",2020-02-21,289
"865",2020-02-22,129
"866",2020-02-23,123
"867",2020-02-24,174
"868",2020-02-25,161
"869",2020-02-26,170
"870",2020-02-27,157
"871",2020-02-28,266
"872",2020-02-29,183
"873",2020-03-01,130
"874",2020-03-02,125
"875",2020-03-03,173
"876",2020-03-04,181
"877",2020-03-05,175
"878",2020-03-06,131
"879",2020-03-07,176
"880",2020-03-08,116
"881",2020-03-09,141
"882",2020-03-10,153
"883",2020-03-11,149
"884",2020-03-12,194
"885",2020-03-13,201
"886",2020-03-14,598
"887",2020-03-15,123
"888",2020-03-16,205
"889",2020-03-17,127
"890",2020-03-18,153
"891",2020-03-19,310
"892",2020-03-20,208
"893",2020-03-21,141
"894",2020-03-22,106
"895",2020-03-23,152
"896",2020-03-24,231
"897",2020-03-25,252
"898",2020-03-26,216
"899",2020-03-27,221
"900",2020-03-28,338
"901",2020-03-29,338
"902",2020-03-30,218
"903",2020-03-31,255
"904",2020-04-01,216
"905",2020-04-02,246
"906",2020-04-03,158
"907",2020-04-04,150
"908",2020-04-05,106
"909",2020-04-06,219
"910",2020-04-07,162
"911",2020-04-08,278
"912",2020-04-09,113
"913",2020-04-10,107
"914",2020-04-11,182
"915",2020-04-12,153
"916",2020-04-13,160
"917",2020-04-14,190
"918",2020-04-15,259
"919",2020-04-16,356
"920",2020-04-17,199
"921",2020-04-18,167
"922",2020-04-19,156
"923",2020-04-20,519
"924",2020-04-21,250
"925",2020-04-22,170
"926",2020-04-23,118
"927",2020-04-24,193
"928",2020-04-25,160
"929",2020-04-26,183
"930",2020-04-27,168
"931",2020-04-28,262
"932",2020-04-29,615
"933",2020-04-30,291
"934",2020-05-01,190
"935",2020-05-02,194
"936",2020-05-03,162
"937",2020-05-04,254
"938",2020-05-05,245
"939",2020-05-06,141
"940",2020-05-07,78
"941",2020-05-08,88
"942",2020-05-09,115
"943",2020-05-10,132
"944",2020-05-11,68
"945",2020-05-12,103
"946",2020-05-13,120
"947",2020-05-14,96
"948",2020-05-15,104
"949",2020-05-16,121
"950",2020-05-17,468
"951",2020-05-18,213
"952",2020-05-19,122
"953",2020-05-20,170
"954",2020-05-21,135
"955",2020-05-22,153
"956",2020-05-23,113
"957",2020-05-24,106
"958",2020-05-25,145
"959",2020-05-26,425
"960",2020-05-27,207
"961",2020-05-28,181
"962",2020-05-29,111
"963",2020-05-30,88
"964",2020-05-31,165
"965",2020-06-01,125
"966",2020-06-02,97
"967",2020-06-03,65
"968",2020-06-04,92
"969",2020-06-05,172
"970",2020-06-06,116
"971",2020-06-07,168
"972",2020-06-08,163
"973",2020-06-09,138
"974",2020-06-10,105
"975",2020-06-11,261
"976",2020-06-12,100
"977",2020-06-13,81
"978",2020-06-14,107
"979",2020-06-15,110
"980",2020-06-16,187
"981",2020-06-17,142
"982",2020-06-18,225
"983",2020-06-19,176
"984",2020-06-20,88
"985",2020-06-21,288
"986",2020-06-22,70
"987",2020-06-23,96
"988",2020-06-24,80
"989",2020-06-25,53
"990",2020-06-26,98
"991",2020-06-27,149
"992",2020-06-28,131
"993",2020-06-29,135
"994",2020-06-30,176
"995",2020-07-01,242
"996",2020-07-02,150
"997",2020-07-03,166
"998",2020-07-04,118
"999",2020-07-05,120
"1000",2020-07-06,173
"1001",2020-07-07,87
"1002",2020-07-08,77
"1003",2020-07-09,96
"1004",2020-07-10,84
"1005",2020-07-11,97
"1006",2020-07-12,91
"1007",2020-07-13,76
"1008",2020-07-14,266
"1009",2020-07-15,104
"1010",2020-07-16,111
"1011",2020-07-17,307
"1012",2020-07-18,123
"1013",2020-07-19,137
"1014",2020-07-20,88
"1015",2020-07-21,132
"1016",2020-07-22,112
"1017",2020-07-23,101
"1018",2020-07-24,128
"1019",2020-07-25,61
"1020",2020-07-26,98
"1021",2020-07-27,67
"1022",2020-07-28,63
"1023",2020-07-29,64
"1024",2020-07-30,90
"1025",2020-07-31,74
"1026",2020-08-01,64
"1027",2020-08-02,52
"1028",2020-08-03,93
"1029",2020-08-04,58
"1030",2020-08-05,105
"1031",2020-08-06,90
"1032",2020-08-07,121
"1033",2020-08-08,80
"1034",2020-08-09,46
"1035",2020-08-10,67
"1036",2020-08-11,67
"1037",2020-08-12,68
"1038",2020-08-13,93
"1039",2020-08-14,73
"1040",2020-08-15,140
"1041",2020-08-16,66
"1042",2020-08-17,77
"1043",2020-08-18,84
"1044",2020-08-19,85
"1045",2020-08-20,74
"1046",2020-08-21,100
"1047",2020-08-22,128
"1048",2020-08-23,62
"1049",2020-08-24,89
"1050",2020-08-25,51
"1051",2020-08-26,56
"1052",2020-08-27,56
"1053",2020-08-28,70
"1054",2020-08-29,88
"1055",2020-08-30,91
"1056",2020-08-31,79
"1057",2020-09-01,130
"1058",2020-09-02,131
"1059",2020-09-03,116
"1060",2020-09-04,94
"1061",2020-09-05,60
"1062",2020-09-06,31
"1063",2020-09-07,50
"1064",2020-09-08,103
"1065",2020-09-09,95
"1066",2020-09-10,60
"1067",2020-09-11,55
"1068",2020-09-12,75
"1069",2020-09-13,47
"1070",2020-09-14,140
"1071",2020-09-15,50
"1072",2020-09-16,58
"1073",2020-09-17,53
"1074",2020-09-18,45
"1075",2020-09-19,82
"1076",2020-09-20,79
"1077",2020-09-21,99
"1078",2020-09-22,83
"1079",2020-09-23,104
"1080",2020-09-24,108
"1081",2020-09-25,89
"1082",2020-09-26,88
"1083",2020-09-27,65
"1084",2020-09-28,100
"1085",2020-09-29,53
"1086",2020-09-30,126
"1087",2020-10-01,157
"1088",2020-10-02,83
"1089",2020-10-03,122
"1090",2020-10-04,67
"1091",2020-10-05,154
"1092",2020-10-06,142
"1093",2020-10-07,161
"1094",2020-10-08,139
"1095",2020-10-09,159
"1096",2020-10-10,184
"1097",2020-10-11,126
"1098",2020-10-12,87
"1099",2020-10-13,140
"1100",2020-10-14,94
"1101",2020-10-15,161
"1102",2020-10-16,130
"1103",2020-10-17,85
"1104",2020-10-18,123
"1105",2020-10-19,140
"1106",2020-10-20,132
"1107",2020-10-21,122
"1108",2020-10-22,123
"1109",2020-10-23,247
"1110",2020-10-24,175
"1111",2020-10-25,114
"1112",2020-10-26,240
"1113",2020-10-27,214
"1114",2020-10-28,196
"1115",2020-10-29,179
"1116",2020-10-30,88
"1117",2020-10-31,117
"1118",2020-11-01,334
"1119",2020-11-02,123
"1120",2020-11-03,123
"1121",2020-11-04,187
"1122",2020-11-05,141
"1123",2020-11-06,146
"1124",2020-11-07,211
"1125",2020-11-08,150
"1126",2020-11-09,183
"1127",2020-11-10,202
"1128",2020-11-11,286
"1129",2020-11-12,256
"1130",2020-11-13,226
"1131",2020-11-14,221
"1132",2020-11-15,355
"1133",2020-11-16,227
"1134",2020-11-17,101
"1135",2020-11-18,67
"1136",2020-11-19,197
"1137",2020-11-20,103
"1138",2020-11-21,103
"1139",2020-11-22,68
"1140",2020-11-23,155
"1141",2020-11-24,151
"1142",2020-11-25,269
"1143",2020-11-26,195
"1144",2020-11-27,164
"1145",2020-11-28,261
"1146",2020-11-29,188
"1147",2020-11-30,187
"1148",2020-12-01,125
"1149",2020-12-02,160
"1150",2020-12-03,132
"1151",2020-12-04,144
"1152",2020-12-05,122
"1153",2020-12-06,124
"1154",2020-12-07,103
"1155",2020-12-08,103
"1156",2020-12-09,138
"1157",2020-12-10,125
"1158",2020-12-11,160
"1159",2020-12-12,219
"1160",2020-12-13,123
"1161",2020-12-14,118
"1162",2020-12-15,154
"1163",2020-12-16,137
"1164",2020-12-17,233
"1165",2020-12-18,184
"1166",2020-12-19,159
"1167",2020-12-20,126
"1168",2020-12-21,136
"1169",2020-12-22,221
"1170",2020-12-23,211
"1171",2020-12-24,238
"1172",2020-12-25,114
"1173",2020-12-26,117
"1174",2020-12-27,162
"1175",2020-12-28,318
"1176",2020-12-29,204
"1177",2020-12-30,333
"1178",2020-12-31,313
"1179",2021-01-01,404
"1180",2021-01-02,136
"1181",2021-01-03,169
"1182",2021-01-04,216
"1183",2021-01-05,236
"1184",2021-01-06,182
"1185",2021-01-07,122
"1186",2021-01-08,176
"1187",2021-01-09,179
"1188",2021-01-10,91
"1189",2021-01-11,155
"1190",2021-01-12,191
"1191",2021-01-13,189
"1192",2021-01-14,140
"1193",2021-01-15,216
"1194",2021-01-16,220
"1195",2021-01-17,76
"1196",2021-01-18,95
"1197",2021-01-19,209
"1198",2021-01-20,147
"1199",2021-01-21,147
"1200",2021-01-22,268
"1201",2021-01-23,172
"1202",2021-01-24,133
"1203",2021-01-25,183
"1204",2021-01-26,202
"1205",2021-01-27,661
"1206",2021-01-28,123
"1207",2021-01-29,136
"1208",2021-01-30,158
"1209",2021-01-31,166
"1210",2021-02-01,97
"1211",2021-02-02,135
"1212",2021-02-03,146
"1213",2021-02-04,254
"1214",2021-02-05,173
"1215",2021-02-06,272
"1216",2021-02-07,131
"1217",2021-02-08,126
"1218",2021-02-09,137
"1219",2021-02-10,115
"1220",2021-02-11,127
"1221",2021-02-12,122
"1222",2021-02-13,175
"1223",2021-02-14,158
"1224",2021-02-15,262
"1225",2021-02-16,233
"1226",2021-02-17,171
"1227",2021-02-18,155
"1228",2021-02-19,223
"1229",2021-02-20,197
"1230",2021-02-21,166
"1231",2021-02-22,221
"1232",2021-02-23,188
"1233",2021-02-24,382
"1234",2021-02-25,244
"1235",2021-02-26,310
"1236",2021-02-27,255
"1237",2021-02-28,192
"1238",2021-03-01,388
"1239",2021-03-02,157
"1240",2021-03-03,204
"1241",2021-03-04,150
"1242",2021-03-05,179
"1243",2021-03-06,182
"1244",2021-03-07,378
"1245",2021-03-08,137
"1246",2021-03-09,342
"1247",2021-03-10,155
"1248",2021-03-11,234
"1249",2021-03-12,180
"1250",2021-03-13,176
"1251",2021-03-14,302
"1252",2021-03-15,159
"1253",2021-03-16,269
"1254",2021-03-17,264
"1255",2021-03-18,364
"1256",2021-03-19,163
"1257",2021-03-20,136
"1258",2021-03-21,111
"1259",2021-03-22,171
"1260",2021-03-23,200
"1261",2021-03-24,362
"1262",2021-03-25,240
"1263",2021-03-26,235
"1264",2021-03-27,188
"1265",2021-03-28,982
"1266",2021-03-29,138
"1267",2021-03-30,197
"1268",2021-03-31,412
"1269",2021-04-01,266
"1270",2021-04-02,139
"1271",2021-04-03,219
"1272",2021-04-04,114
"1273",2021-04-05,171
"1274",2021-04-06,241
"1275",2021-04-07,189
"1276",2021-04-08,210
"1277",2021-04-09,253
"1278",2021-04-10,224
"1279",2021-04-11,124
"1280",2021-04-12,200
"1281",2021-04-13,392
"1282",2021-04-14,223
"1283",2021-04-15,122
"1284",2021-04-16,174
"1285",2021-04-17,233
"1286",2021-04-18,232
"1287",2021-04-19,209
"1288",2021-04-20,272
"1289",2021-04-21,501
